<?xml version="1.0" encoding="UTF-8"?>
<project-private xmlns="http://www.netbeans.org/ns/project-private/1">
    <editor-bookmarks xmlns="http://www.netbeans.org/ns/editor-bookmarks/2" lastBookmarkId="0"/>
    <open-files xmlns="http://www.netbeans.org/ns/projectui-open-files/2">
        <group>
            <file>file:/E:/HTC/TEMP/htdocs/249/05/sales/customer_payments.php</file>
            <file>file:/E:/HTC/TEMP/htdocs/249/05/modules/rep_annual_expense_breakdown/reporting/reports_custom.php</file>
            <file>file:/E:/HTC/TEMP/htdocs/249/05/modules/_cache/ar_EG-2.4.1-3/_init/config</file>
            <file>file:/E:/HTC/TEMP/htdocs/249/05/modules/import_multijournalentries/hooks.php</file>
            <file>file:/E:/HTC/TEMP/htdocs/249/05/sales/manage/recurrent_invoices.php</file>
            <file>file:/E:/HTC/TEMP/htdocs/249/05/admin/tags.php</file>
            <file>file:/E:/HTC/TEMP/htdocs/249/05/sales/includes/ui/sales_credit_ui.inc</file>
            <file>file:/E:/HTC/TEMP/htdocs/249/05/dimensions/dimension_entry.php</file>
            <file>file:/E:/HTC/TEMP/htdocs/249/05/modules/import_transactions/import_transactions.php</file>
            <file>file:/E:/HTC/TEMP/htdocs/249/05/index.php</file>
            <file>file:/E:/HTC/TEMP/htdocs/249/05/modules/FrontHrm/hooks.php</file>
            <file>file:/E:/HTC/TEMP/htdocs/249/05/gl/accruals.php</file>
            <file>file:/E:/HTC/TEMP/htdocs/249/05/doc/dim_on_invoice.txt</file>
            <file>file:/E:/HTC/TEMP/htdocs/249/05/reporting/includes/doctext.inc</file>
            <file>file:/E:/HTC/TEMP/htdocs/249/05/lang/ar_EG/LC_MESSAGES/ar_EG-2.4.1-3.po</file>
            <file>file:/E:/HTC/TEMP/htdocs/249/05/admin/company_preferences.php</file>
            <file>file:/E:/HTC/TEMP/htdocs/249/05/dimensions/includes/dimensions_ui.inc</file>
            <file>file:/E:/HTC/TEMP/htdocs/249/05/sales/includes/ui/sales_order_ui.inc</file>
            <file>file:/E:/HTC/TEMP/htdocs/249/05/admin/gl_setup.php</file>
        </group>
    </open-files>
</project-private>
